{"cameraMode":{"drawMode":0,"name":"Shaded","section":"Shading Mode"},"sceneLighting":true,"audioPlay":false,"sceneViewState":{"m_AlwaysRefresh":false,"showFog":true,"showSkybox":true,"showFlares":true,"showImageEffects":true,"showParticleSystems":true,"showVisualEffectGraphs":true,"m_FxEnabled":true},"in2DMode":false,"pivot":{"x":-1.5546770095825196,"y":2.527390956878662,"z":0.07384421676397324},"rotation":{"x":0.00967741385102272,"y":-0.9666672945022583,"z":0.25322413444519045,"w":0.0371444895863533},"size":6.740192890167236,"orthographic":false}