{"cameraMode":{"drawMode":0,"name":"Shaded","section":"Shading Mode"},"sceneLighting":false,"audioPlay":false,"sceneViewState":{"showFog":true,"showMaterialUpdate":false,"showSkybox":false,"showFlares":true,"showImageEffects":true,"showParticleSystems":true},"in2DMode":false,"pivot":{"x":-3.7893030643463136,"y":1.3785581588745118,"z":-0.423214852809906},"rotation":{"x":-0.029558006674051286,"y":0.7094643712043762,"z":-0.029821811243891717,"w":-0.7035128474235535},"size":5.552742004394531,"orthographic":false}