{"cameraMode":{"drawMode":0,"name":"Shaded","section":"Shading Mode"},"sceneLighting":false,"audioPlay":false,"sceneViewState":{"showFog":true,"showMaterialUpdate":false,"showSkybox":true,"showFlares":true,"showImageEffects":true,"showParticleSystems":true},"in2DMode":false,"pivot":{"x":12.419947624206543,"y":-22.259990692138673,"z":24.505924224853517},"rotation":{"x":0.5687664747238159,"y":-0.04412202909588814,"z":0.030573174357414247,"w":0.8207527995109558},"size":46.381797790527347,"orthographic":false}