{"cameraMode":{"drawMode":0,"name":"Shaded","section":"Shading Mode"},"sceneLighting":false,"audioPlay":false,"sceneViewState":{"showFog":true,"showMaterialUpdate":false,"showSkybox":true,"showFlares":true,"showImageEffects":true,"showParticleSystems":true},"in2DMode":false,"pivot":{"x":3.1841535568237306,"y":1.3379852771759034,"z":2.5530054569244386},"rotation":{"x":-0.06263592839241028,"y":-0.5759952664375305,"z":0.044328149408102038,"w":-0.8138494491577148},"size":10.0,"orthographic":false}