{"cameraMode":{"drawMode":0,"name":"Shaded","section":"Shading Mode"},"sceneLighting":false,"audioPlay":false,"sceneViewState":{"showFog":true,"showMaterialUpdate":false,"showSkybox":true,"showFlares":true,"showImageEffects":true,"showParticleSystems":true},"in2DMode":false,"pivot":{"x":37.83562088012695,"y":1.955614447593689,"z":56.82339859008789},"rotation":{"x":-0.024290679022669793,"y":-0.03688348829746246,"z":0.0008968274923972786,"w":-0.9990252256393433},"size":22.0,"orthographic":false}