{"cameraMode":{"drawMode":0,"name":"Shaded","section":"Shading Mode"},"sceneLighting":false,"audioPlay":false,"sceneViewState":{"showFog":true,"showMaterialUpdate":false,"showSkybox":false,"showFlares":true,"showImageEffects":true,"showParticleSystems":true},"in2DMode":false,"pivot":{"x":1.2938244342803956,"y":1.6698426008224488,"z":-2.4672110080718996},"rotation":{"x":0.0009977574227377773,"y":-0.5454314947128296,"z":-0.000649078341666609,"w":-0.8381572365760803},"size":9.309612274169922,"orthographic":false}