{"cameraMode":{"drawMode":0,"name":"Shaded","section":"Shading Mode"},"sceneLighting":false,"audioPlay":false,"sceneViewState":{"showFog":true,"showMaterialUpdate":false,"showSkybox":false,"showFlares":true,"showImageEffects":true,"showParticleSystems":true},"in2DMode":false,"pivot":{"x":2.000000238418579,"y":1.1999998092651368,"z":-1.1920928955078126e-7},"rotation":{"x":0.07330013066530228,"y":-0.9195535182952881,"z":0.2067035287618637,"w":0.32610949873924258},"size":14.672481536865235,"orthographic":false}