{"cameraMode":{"drawMode":0,"name":"Shaded","section":"Shading Mode"},"sceneLighting":false,"audioPlay":false,"sceneViewState":{"showFog":true,"showMaterialUpdate":false,"showSkybox":true,"showFlares":true,"showImageEffects":true,"showParticleSystems":true},"in2DMode":false,"pivot":{"x":38.275306701660159,"y":6.529455661773682,"z":49.31083679199219},"rotation":{"x":-0.1673521101474762,"y":-0.7391452193260193,"z":0.1990910917520523,"w":-0.6213091611862183},"size":8.173747062683106,"orthographic":false}